Name,Account,Date,,css-4rbku5 2,css-901oao 5,css-901oao 6,css-4rbku5 4,css-901oao 7,css-901oao 8,css-4rbku5 5,css-4rbku5 6,css-4rbku5 7,css-901oao 14,css-901oao 15,Text,Hashtag
Playmore Thailand,@playmore_TH,17-ส.ค.-21,"ก่อนหมดคืนนี้ไป แอดอยากมาแก้ข่าวก่อน
ทุกคนค้า",#Curucumin,คือขมิ้น (Tumeric) นะ ไม่ใช่ “ขิง” (Ginger) ทำมาจากสารสกัดขมิ้นชันและพริกไทยดำ ฟังดูโหดแต่อร่อยทานง่าย อยากให้ลอง เอาใหม่นะ,นะ ไม่ใช่,#ขิง,ขมิ้นไม่ใช่ขิง,ทีมอาร์ตเครียดแล้วจุดนี้,#Curucumew,#PlaymoreXMew,,,,"ก่อนหมดคืนนี้ไป แอดอยากมาแก้ข่าวก่อน
ทุกคนค้าคือขมิ้นชัน นะ ไม่ใช่ “ขิง” ทำมาจากสารสกัดขมิ้นชันและพริกไทยดำ ฟังดูโหดแต่อร่อยทานง่าย อยากให้ลอง เอาใหม่นะนะ ไม่ใช่ขมิ้นชันไม่ใช่ขิงทีมอาร์ตเครียดแล้วจุดนี้",#Curucumin  #ขิง  #Curucumew  #PlaymoreXMew  #PlaymoreXMew  
สร้างรายได้ออนไลน์ByDroprich,@BenNanthana,10-พ.ค.-21,เปิดตัวแล้วจ้า ผลิตภัณฑ์ใหม่ล่าสุดจากวิฟสกิน,#ขมิ้นเลม่อนโซป,ผิวหอม ผิวใส,"สูตรสมุนไพร รวมมิตรสารสกัดชั้นดี ที่จะทำให้การอาบน้ำครั้งนี้ ""มีดีกว่าที่เคย""
เนียนนุ่ม ชุ่มชื่น ผสานสารสกัดสมุนไพร",#สบู่ผิวใส,และ,โปรโมชั่นเปิดตัวเพียง 89 บาท,#เลม่อน,#น้ำมันมะพร้าว,,,,"เปิดตัวแล้วจ้า ผลิตภัณฑ์ใหม่ล่าสุดจากวิฟสกินผิวหอม ผิวใสสูตรสมุนไพร รวมมิตรสารสกัดชั้นดี ที่จะทำให้การอาบน้ำครั้งนี้ ""มีดีกว่าที่เคย""
เนียนนุ่ม ชุ่มชื่น ผสานสารสกัดสมุนไพรและโปรโมชั่นเปิดตัวเพียง 89 บาท",#ขมิ้นเลม่อนโซป  #สบู่ผิวใส  #เลม่อน  #น้ำมันมะพร้าว  #น้ำมันมะพร้าว  
Apple,@HongarnonLadda,15-มี.ค.,KAMIN LEMON SOAP,#เลม่อน,ใครๆ ก็มีผิวหอม เนียน นุ่ม กระจ่างใสได้ แค่อาบน้ำด้วยสบู่สมุนไพรจากวิฟสกิน เป็นประจำทุกวัน,ด้วย 3 สารสกัดหลักที่พร้อมบำรุงผิวเต็มที่อย่าง,#น้ำมันมะพร้าว,ยิ่งใช้ผิวยิ่งเนียน ใส ไร้สิว ริ้วรอย จุดด่างดำ,,#สบู่ผิวใส,#สบู่อาบน้ำ,#VIVSKIN,,,สบู่ขมิ้นชัน ใครๆ ก็มีผิวหอม เนียน นุ่ม กระจ่างใสได้ แค่อาบน้ำด้วยสบู่สมุนไพรจากวิฟสกิน เป็นประจำทุกวันด้วย 3 สารสกัดหลักที่พร้อมบำรุงผิวเต็มที่อย่างยิ่งใช้ผิวยิ่งเนียน ใส ไร้สิว ริ้วรอย จุดด่างดำ,#เลม่อน  #น้ำมันมะพร้าว  #สบู่ผิวใส  #สบู่อาบน้ำ  #สบู่อาบน้ำ  #VIVSKIN
Gofshops(B&H)​,@gofhussaya,6-ก.พ.-21,"3 ก้อนนี้แค่100.- เองนาา
10ก้อน200.- """"""ถูกไปอีกก""""""

♡สบู่พิชชี่สุดปัง",#สครับกาแฟ,"สครับ&มาร์ค 
บำรุงผิว จากสมุนไพรไทย",ชะเอมเทศ. ขมิ้นชัน กากกาแฟ,#สายออแกนิกส์,ขายปลีกก้อนละ39.-,,#กากกาแฟ,#ชะเอมเทศ,#ผิวขาวกระจ่างใส,,,"3 ก้อนนี้แค่100.- เองนาา
10ก้อน200.- """"""ถูกไปอีกก""""""

♡สบู่พิชชี่สุดปังสครับ&มาร์ค 
บำรุงผิว จากสมุนไพรไทยชะเอมเทศ. ขมิ้นชัน กากกาแฟขายปลีกก้อนละ39.-",#สครับกาแฟ  #สายออแกนิกส์  #กากกาแฟ  #ชะเอมเทศ  #ชะเอมเทศ  #ผิวขาวกระจ่างใส
Kaeskinstore.56,@kaeskinstore,6-เม.ย.,"ฟื้นบำรุงผิวกระจ่าง
ใส ด้วยสมุนไพรในตำนานอย่าง",#ขมิ้นโกลด์เซรั่ม,ที่ดูแลผิวคนไทยมาตั้งแต่สมัยโบราณ,ถูกนำมาสกัดใหม่ด้วยเทคโนโลยี,#เอนแคปซูเลชั่น,เพิ่มประสิทธิภาพในการฟื้นบำรุงผิว มากกว่าขมิ้นชันทั่วไปถึง 2 เท่า ลดเลือนปัญหาสิว ฝ้า กระ และจุดด่างดำ,แสดงเธรดนี้,,,,,,"ฟื้นบำรุงผิวกระจ่าง
ใส ด้วยสมุนไพรในตำนานอย่างที่ดูแลผิวคนไทยมาตั้งแต่สมัยโบราณถูกนำมาสกัดใหม่ด้วยเทคโนโลยีเพิ่มประสิทธิภาพในการฟื้นบำรุงผิว มากกว่าขมิ้นชันทั่วไปถึง 2 เท่า ลดเลือนปัญหาสิว ฝ้า กระ และจุดด่างดำแสดงเธรดนี้",#ขมิ้นโกลด์เซรั่ม  #เอนแคปซูเลชั่น        
พิมพ์ลภัทร,@vivskin_tin,29-ก.ย.-21,ฟื้นบำรุงผิวกระจ่างใส ด้วยสมุนไพรในตำนานอย่าง,#เอนแคปซูเลชั่น,ที่ดูแลผิวคนไทยมาตั้งแต่สมัยโบราณ,ถูกนำมาสกัดใหม่ด้วยเทคโนโลยี,,"เพิ่มประสิทธิภาพในการฟื้นบำรุงผิว มากกว่าขมิ้นชันทั่วไปถึง 2 เท่า ลดเลือนปัญหาสิว ฝ้า กระ และจุดด่างดำ

ขนาด 14 ml. ราคา 389 บาท",,,,,,,"ฟื้นบำรุงผิวกระจ่างใส ด้วยสมุนไพรในตำนานอย่างที่ดูแลผิวคนไทยมาตั้งแต่สมัยโบราณถูกนำมาสกัดใหม่ด้วยเทคโนโลยีเพิ่มประสิทธิภาพในการฟื้นบำรุงผิว มากกว่าขมิ้นชันทั่วไปถึง 2 เท่า ลดเลือนปัญหาสิว ฝ้า กระ และจุดด่างดำ

ขนาด 14 ราคา 389 บาท",#เอนแคปซูเลชั่น          
เหมหิรัญญ์ อายนบุตร,@Pariyakorn689,11-มิ.ย.-21,เติมเต็มความชุ่มชื้น หอมสดชื่น เนียนกระจ่างใส ด้วยเคล็ดลับจากสารสกัดสมุนไพร ที่อยู่ใน,#ขมิ้นเลม่อนโซป,"สบู่สูตรสมุนไพร จากวิฟสกิน
รวมสารสกัดเด็ดทั้ง",เพื่อผิวใสเนียนนุ่ม ชุ่มชื่น ลดเลือนปัญหาสิว ริ้วรอย จุดด่างดำบนผิวกาย,#เลม่อน,,,#น้ำมันมะพร้าว,#ตลาดนุช,#เป๊กผลิตโชค,,,"เติมเต็มความชุ่มชื้น หอมสดชื่น เนียนกระจ่างใส ด้วยเคล็ดลับจากสารสกัดสมุนไพร ที่อยู่ในสบู่สูตรสมุนไพร จากวิฟสกิน
รวมสารสกัดเด็ดทั้งเพื่อผิวใสเนียนนุ่ม ชุ่มชื่น ลดเลือนปัญหาสิว ริ้วรอย จุดด่างดำบนผิวกาย",#ขมิ้นเลม่อนโซป  #เลม่อน  #น้ำมันมะพร้าว  #ตลาดนุช  #ตลาดนุช  #เป๊กผลิตโชค
Jariya Lookmee,@JariyaLookmee,19-มิ.ย.-21,ฟื้นบำรุงผิวครบ ทั้งใบหน้าและรอบดวงตา ด้วย,#ขมิ้นโรสครีม,ที่มีสารสกัดจากสมุนไพรอย่าง,และ,#กุหลาบมอญ,"แค่ใช้เป็นประจำทุกวัน เช้าและก่อนนอน
ขนาด 18 g.ราคาพิเศษพียง 389.- (จากปกติ 650.-)",แอดไลน์สั่งซื้อสินค้าได้ที่ Line ID:inthiya2534,#ทองคำบริสุทธิ์24K,,,,,"ฟื้นบำรุงผิวครบ ทั้งใบหน้าและรอบดวงตา ด้วยที่มีสารสกัดจากสมุนไพรอย่างและแค่ใช้เป็นประจำทุกวัน เช้าและก่อนนอน
ขนาด 18 ราคาพิเศษพียง 389.- (จากปกติ 650.-)แอดไลน์สั่งซื้อสินค้าได้ที่",#ขมิ้นโรสครีม  #กุหลาบมอญ  #ทองคำบริสุทธิ์24K      
วิฟณี,@ERvGJ24h3CBza0e,10-มิ.ย.-21,อาบผิวหอมถนอมผิวใส ด้วยผลิตภัณฑ์ที่วิฟสกินอยากนำเสนอ,#ขมิ้นเลม่อนโซป,"สูตรสมุนไพร
.
รวมมิตรสารสกัดชั้นดี ที่จะทำให้การอาบน้ำครั้งนี้ ""มีดีกว่าที่เคย""
ผิวใส เนียนนุ่ม ชุ่มชื่น ผสานสารสกัดสมุนไพร",และ,#สบู่ผิวใส,,,#เลม่อน,#น้ำมันมะพร้าว,#ยิ่งซื้อเยอะยิ่งถูกลง,,,"อาบผิวหอมถนอมผิวใส ด้วยผลิตภัณฑ์ที่วิฟสกินอยากนำเสนอสูตรสมุนไพร
.
รวมมิตรสารสกัดชั้นดี ที่จะทำให้การอาบน้ำครั้งนี้ ""มีดีกว่าที่เคย""
ผิวใส เนียนนุ่ม ชุ่มชื่น ผสานสารสกัดสมุนไพรและ",#ขมิ้นเลม่อนโซป  #สบู่ผิวใส  #เลม่อน  #น้ำมันมะพร้าว  #น้ำมันมะพร้าว  #ยิ่งซื้อเยอะยิ่งถูกลง
nanzii_sc,@nanziiSC_,18-พ.ค.-21,พร้อมเติมความชุ่มชื่นให้ผิว ด้วยสบู่ผิวใสสูตรสมุนไพร,#ขมิ้นเลม่อนโซป,"จากวิฟสกิน ด้วยสารสกัดสมุนไพรขึ้นชื่อเรื่องการฟื้นบำรุงผิว
ทั้ง",และ,#เลม่อน,"ถูกใส่เป็นสารสกัดหลักในสบู่วิฟสกิน เพื่อผิวใส เนียนนุ่ม ชุ่มชื่น
ขนาด 80 g.",โปรโมชั่นเปิดตัวเพียง 89฿,#น้ำมันมะพร้าว,,,,,"พร้อมเติมความชุ่มชื่นให้ผิว ด้วยสบู่ผิวใสสูตรสมุนไพรจากวิฟสกิน ด้วยสารสกัดสมุนไพรขึ้นชื่อเรื่องการฟื้นบำรุงผิว
ทั้งและถูกใส่เป็นสารสกัดหลักในสบู่วิฟสกิน เพื่อผิวใส เนียนนุ่ม ชุ่มชื่น
ขนาด 80 โปรโมชั่นเปิดตัวเพียง 89฿",#ขมิ้นเลม่อนโซป  #เลม่อน  #น้ำมันมะพร้าว      
Tipco Online,@Tipcoonline,21-มิ.ย.,โปรท้าฝน เปียกฝนแค่ไหนก็ไม่หวั่น,#Tipco,ฟ้าทลายโจรสกัด 360.- จากปกติ 375.-,ขมิ้นชันบ้านตาขุน 180.- จากปกติ 200.-,#TipcoOnline,ซื้อเลย >>,,#ฟ้าทลายโจร,#ทิปโก้,#สมุนไพรไทย,,,โปรท้าฝน เปียกฝนแค่ไหนก็ไม่หวั่นฟ้าทลายโจรสกัด 360.- จากปกติ 375.-ขมิ้นชันบ้านตาขุน 180.- จากปกติ 200.-ซื้อเลย >>,#Tipco  #TipcoOnline  #ฟ้าทลายโจร  #ทิปโก้  #ทิปโก้  #สมุนไพรไทย
Kmrstkc ♡,@Maypink_mp,19-ต.ค.-21,ใครที่มีผู้สูงอายุในบ้านควรแนะนำให้ท่านทานผลิตภัณฑ์เสริมสร้างภูมิคุ้มกันให้กับร่างกาย เมย์แนะนำ นูทราวิส เม็ดฟู่ขมิ้นชัน ปลอดภัยด้วยมาตรฐาน GMP,#นูทราวิสเพื่อเสริมภูมิคุ้มกัน,,,#Nutravist,,แสดงเธรดนี้,#ของดีบอกต่อ,#HowtoPerfect,#รีวิว,,,ใครที่มีผู้สูงอายุในบ้านควรแนะนำให้ท่านทานผลิตภัณฑ์เสริมสร้างภูมิคุ้มกันให้กับร่างกาย เมย์แนะนำ นูทราวิส เม็ดฟู่ขมิ้นชัน ปลอดภัยด้วยมาตรฐาน,#นูทราวิสเพื่อเสริมภูมิคุ้มกัน  #Nutravist  #ของดีบอกต่อ  #HowtoPerfect  #HowtoPerfect  #รีวิว
PaKai•๒๖๖๒,@s_anyada,18-ก.ย.-21,"เคอม่า แม็กซ์ CURMA MAX
•เครื่องดื่มสารสกัดจากขมิ้นชัน รูปแบบน้ำ จึงช่วยให้การดูดซึมไวขึ้น
•เหมาะกับผู้ที่มีปัญหากระเพาะอาหารอักเสบ กรดไหลย้อน ที่ต้องการเห็นผลทันที
ขนาดบรรจุ : 90 ซีซี x 6 ขวด",#เคอม่าแมกซ์,อย. 50-2-02962-2-0004,,#CurmaMax,,แสดงเธรดนี้,#นวัตกรรม,#รางวัลเหรียญทอง,,,,"เคอม่า แม็กซ์ 
•เครื่องดื่มสารสกัดจากขมิ้นชัน รูปแบบน้ำ จึงช่วยให้การดูดซึมไวขึ้น
•เหมาะกับผู้ที่มีปัญหากระเพาะอาหารอักเสบ ที่ต้องการเห็นผลทันที
ขนาดบรรจุ : 90 ซีซี 6 ขวดอย. 50-2-02962-2-0004แสดงเธรดนี้",#เคอม่าแมกซ์  #CurmaMax  #นวัตกรรม  #รางวัลเหรียญทอง  #รางวัลเหรียญทอง  
,@block_xz7,21-พ.ค.-19,สครับ • ขัด • พอก,#สบู่พิชชี่,"ผิวเรียบเนียน ผิวกระจ่างใส ผิวนุ่มน่าสัมผัส 

สารสกัดจากธรรมชาติ",2 แถม 1 จ่ายแค่ 100฿,#กากกาแฟ,4 แถม 6 จ่ายแค่ 200฿,ก้อนละ 50฿ เท่านั้น,#ชะเอมเทศ,,,,,"สครับ • ขัด • พอกผิวเรียบเนียน ผิวกระจ่างใส ผิวนุ่มน่าสัมผัส 

สารสกัดจากธรรมชาติ2 แถม 1 จ่ายแค่ 100฿4 แถม 6 จ่ายแค่ 200฿ก้อนละ 50฿ เท่านั้น",#สบู่พิชชี่  #กากกาแฟ  #ชะเอมเทศ      
vivskin turmeric จุ๋ย วรัทยา,@TurmericVivskin,28-มิ.ย.-21,มั่นหน้าสด ด้วยหยดขมิ้นทอง เซรั่มสมุนไพรไทยเลื่องชื่อ ที่นิยมใช้บำรุงผิวมาตั้งแต่สมัยโบราณ อย่าง,#ขมิ้นไทยใสสะพรั่ง,"ถูกนำมาสกัดด้วยเทคโนโลยีพิเศษ ทำให้มีประสิทธิภาพในการบำรุงผิวมากกว่าขมิ้นชันทั่วไปถึง 2 เท่า
.
ฟื้นบำรุงผิวใสเด้ง สิว ฝ้า กระ ดูจางลง เพียง 389 บาท
.",,,,,,,,,,"มั่นหน้าสด ด้วยหยดขมิ้นทอง เซรั่มสมุนไพรไทยเลื่องชื่อ ที่นิยมใช้บำรุงผิวมาตั้งแต่สมัยโบราณ อย่างถูกนำมาสกัดด้วยเทคโนโลยีพิเศษ ทำให้มีประสิทธิภาพในการบำรุงผิวมากกว่าขมิ้นชันทั่วไปถึง 2 เท่า
.
ฟื้นบำรุงผิวใสเด้ง สิว ฝ้า กระ ดูจางลง เพียง 389 บาท
.",#ขมิ้นไทยใสสะพรั่ง          
Kapookdotcom,@kapookdotcom,26-พ.ค.-21,รู้จักขมิ้นชัน สมุนไพรไทยใกล้ตัวที่มีประโยชน์หลายด้านมาก ๆ,#ประโยชน์ของขมิ้นชัน,,,#kapook,,,,,,ขมิ้นชัน สมุนไพรชั้นเลิศ ช่วยดูแลสุขภาพ,พอจะรู้กันไหมเอ่ย ว่า ขมิ้นชัน ช่วยรักษาอาการเจ็บป่วยอะไรได้บ้าง ถ้ายังนึกไม่ออก ตามไปรู้จักขมิ้นชันให้มากขึ้นกันดีกว่า,รู้จักขมิ้นชัน สมุนไพรไทยใกล้ตัวที่มีประโยชน์หลายด้านมาก ๆขมิ้นชัน สมุนไพรชั้นเลิศ ช่วยดูแลสุขภาพพอจะรู้กันไหมเอ่ย ว่า ขมิ้นชัน ช่วยรักษาอาการเจ็บป่วยอะไรได้บ้าง ถ้ายังนึกไม่ออก ตามไปรู้จักขมิ้นชันให้มากขึ้นกันดีกว่า,#ประโยชน์ของขมิ้นชัน  #kapook        
vivskin turmeric จุ๋ย วรัทยา,@TurmericVivskin,26-ส.ค.-21,ยิ่งอาบยิ่งหอม ยิ่งอาบยิ่งฟินผิวใส เพราะ,#สบู่ผิวใส,"อัดแน่นด้วยสารสกัดสมุนไพรในการฟื้นบำรุงผิว

ไม่ว่าจะเป็น",และ,#ขมิ้นเลม่อนโซป,"ที่จะทำให้ผิวใส เนียนนุ่ม ชุ่มชื่น แล้วการอาบน้ำครั้งนี้ ""มีดีกว่าที่เคย""",,#เลม่อน,#น้ำมันมะพร้าว,,,,"ยิ่งอาบยิ่งหอม ยิ่งอาบยิ่งฟินผิวใส เพราะอัดแน่นด้วยสารสกัดสมุนไพรในการฟื้นบำรุงผิว

ไม่ว่าจะเป็นและที่จะทำให้ผิวใส เนียนนุ่ม ชุ่มชื่น แล้วการอาบน้ำครั้งนี้ ""มีดีกว่าที่เคย""",#สบู่ผิวใส  #ขมิ้นเลม่อนโซป  #เลม่อน  #น้ำมันมะพร้าว  #น้ำมันมะพร้าว  
Thaiherbweb,@THAIHERBWEB2,6-ก.ย.-21,ร้านรับประกันว่าทุกชนิดที่ผลิต ผลิตแบบยา,#ดูแลจากภายใน,ใช้การอบ บด อัดแคปซูล ไม่ใช่ตากแห้ง,ร้านรับประกันคืนเงินทุกขวด,,ใช้ส่วนที่เป็นยามาทำ 100%,เพื่อสุขภาพ,,,,,,ร้านรับประกันว่าทุกชนิดที่ผลิต ผลิตแบบยาใช้การอบ บด อัดแคปซูล ไม่ใช่ตากแห้งร้านรับประกันคืนเงินทุกขวดใช้ส่วนที่เป็นยามาทำ 100%เพื่อสุขภาพ,#ดูแลจากภายใน          
Princess of Misery,@MiseryLady_617,25-ก.พ.-18,"ครั้งหนึ่งในชีวิต ฉันกินน้ำขมิ้นชัน

ได้แต่กลิ่นรสน้ำผึ้งมะนาว ไว้จะลองชิมสูตร original นะ",#น้ำขมิ้น,สูตรนี้ก็อร่อยดีนะ กินเพลินๆ,,#miyeoneating,,,#qimin,,,,,"ครั้งหนึ่งในชีวิต ฉันกินน้ำขมิ้นชัน

ได้แต่กลิ่นรสน้ำผึ้งมะนาว ไว้จะลองชิมสูตร นะสูตรนี้ก็อร่อยดีนะ กินเพลินๆ",#น้ำขมิ้น  #miyeoneating  #qimin      
แม่หญิงของคุณหลวง,@vivskinta7824,12-พ.ค.-21,หอมกลิ่นเลม่อนมาแต่ไกล สบู่สูตรใหม่เพื่อผิวใส,#สูตรสมุนไพร,ผสานคุณค่าจากสารสกัดสมุนไพรชั้นดี,และ,#ขมิ้นเลม่อนโซป,"เพื่อผิวใส เนียนนุ่ม ชุ่มชื่น

อาบได้ทุกช่วงเวลา ยิ่งอาบผิวยิ่งหอม",ผลิต,#เลม่อน,#น้ำมันมะพร้าว,#วิฟตา,,,"หอมกลิ่นเลม่อนมาแต่ไกล สบู่สูตรใหม่เพื่อผิวใสผสานคุณค่าจากสารสกัดสมุนไพรชั้นดีและเพื่อผิวใส เนียนนุ่ม ชุ่มชื่น

อาบได้ทุกช่วงเวลา ยิ่งอาบผิวยิ่งหอมผลิต",#สูตรสมุนไพร  #ขมิ้นเลม่อนโซป  #เลม่อน  #น้ำมันมะพร้าว  #น้ำมันมะพร้าว  #วิฟตา
VIVSKIN_AUM,@MisterPinkky,4-มิ.ย.-21,สบู่ที่พุฒเลือกใช้ คือ,#ขมิ้นเลม่อนโซป,จากวิฟสกิน ด้วยสารสกัดสมุนไพรขึ้นชื่อเรื่องการบำรุงผิวทั้ง,และ,#เลม่อน,"ถูกใส่เป็นสารสกัดหลักในสบู่วิฟสกิน เพื่อผิวใส เนียน ชุ่มชื่น
 80 g.  89 บาท 
สนใจสั่งสินค้า 
ID line:@095zzyes",แสดงเธรดนี้,#น้ำมันมะพร้าว,,,,,"สบู่ที่พุฒเลือกใช้ คือจากวิฟสกิน ด้วยสารสกัดสมุนไพรขึ้นชื่อเรื่องการบำรุงผิวทั้งและถูกใส่เป็นสารสกัดหลักในสบู่วิฟสกิน เพื่อผิวใส เนียน ชุ่มชื่น
 80   89 บาท 
สนใจสั่งสินค้า ",#ขมิ้นเลม่อนโซป  #เลม่อน  #น้ำมันมะพร้าว      
พี่นุช94,@VivNuch,31-พ.ค.-21,"ยินดีด้วย
ขมิ้นโรสครีม
กับรางวัล
anti aging cream
ของELLE
ปี 2021

มาพร้อมสารสกัดหลักที่วิฟสกินคัดสรรมาเป็นอย่างดี ไม่ว่าจะเป็น",#กุหลาบมอญ,และ,".
.
ขนาด 18 g.
ราคาพิเศษเพียง 389.- (จากปกติ 650)",#ทองคำบริสุทธิ์24K,,แสดงเธรดนี้,,,,,,"ยินดีด้วย
ขมิ้นโรสครีม
กับรางวัล

ของ
ปี 2021

มาพร้อมสารสกัดหลักที่วิฟสกินคัดสรรมาเป็นอย่างดี ไม่ว่าจะเป็นและ
ขนาด 18 
ราคาพิเศษเพียง 389.- (จากปกติ 650)",#กุหลาบมอญ  #ทองคำบริสุทธิ์24K        
NationTV22,@NationTV22,8-ม.ค.-21,"รู้หรือไม่? ""ขมิ้นชัน"" สมุนไพรไทยช่วยต้านมะเร็งได้",#ข่าววันนี้,เป็นทางการ,,#NationTV,,,,,,"รู้หรือไม่? ""ขมิ้นชัน"" สมุนไพรไทยช่วยต้านมะเร็งได้","สมุนไพรไทย ๆ อย่าง ""ขมิ้นชัน"" มีฤทธิ์ในการยับยั้งการแพร่กระจายของเซลมะเร็งต่อมลูกหมาก จึงเป็นสมุนไพรอีกทางเลือกในการสู้กับโรคมะเร็ง แต่ในข้อดีก็มีข้อควรระวังในการนำไปใช้ วันนี้จึงนำเรื่องนี้มาบอกต่...","รู้หรือไม่? ""ขมิ้นชัน"" สมุนไพรไทยช่วยต้านมะเร็งได้เป็นทางการรู้หรือไม่? ""ขมิ้นชัน"" สมุนไพรไทยช่วยต้านมะเร็งได้สมุนไพรไทย ๆ อย่าง ""ขมิ้นชัน"" มีฤทธิ์ในการยับยั้งการแพร่กระจายของเซลมะเร็งต่อมลูกหมาก จึงเป็นสมุนไพรอีกทางเลือกในการสู้กับโรคมะเร็ง แต่ในข้อดีก็มีข้อควรระวังในการนำไปใช้ วันนี้จึงนำเรื่องนี้มาบอกต่...",#ข่าววันนี้  #NationTV        
กรุงเทพธุรกิจ,@ktnewsonline,27-ก.พ.-21,"เป็นสมุนไพรที่นิยมใช้ปรุงแต่งกลิ่นและรสในอาหารหลายชนิด โดยเฉพาะอาหารทางภาคใต้  นับเป็นความฉลาดของคนใต้ที่หาวิธีกินขมิ้นในชีวิตประจำวัน เพราะปัจจุบันมีงานศึกษาวิจัยพบว่า ขมิ้นมีคุณค่าต่อสุขภาพ

อ่านต่อ:",#กรุงเทพธุรกิจ,,…,#กรุงเทพธุรกิจออนไลน์,,,,,,,,"เป็นสมุนไพรที่นิยมใช้ปรุงแต่งกลิ่นและรสในอาหารหลายชนิด โดยเฉพาะอาหารทางภาคใต้  นับเป็นความฉลาดของคนใต้ที่หาวิธีกินขมิ้นในชีวิตประจำวัน เพราะปัจจุบันมีงานศึกษาวิจัยพบว่า ขมิ้นมีคุณค่าต่อสุขภาพ
",#กรุงเทพธุรกิจ  #กรุงเทพธุรกิจออนไลน์        
TV Direct Online Shopping,@TVDirectNews,19-ก.ค.-21,กินดี สุขภาพดี ด้วย WELNESS FINGER ROOT PLUS,#กระชายขาว,รวมสารสกัดสมุนไพร 5 ชนิด >>>,และ,#พลูคาว,สั่งซื้อที่,รีวิว,#มะนาว,#โหระพา,#WELNESSFINGERROOTPLUS,,,กินดี สุขภาพดี ด้วยรวมสารสกัดสมุนไพร 5 ชนิด >>>และสั่งซื้อที่รีวิว,#กระชายขาว  #พลูคาว  #มะนาว  #โหระพา  #โหระพา  #WELNESSFINGERROOTPLUS
vivskin_uk,@VivskinU,14-พ.ค.-21,อมกลิ่นเลม่อนมาแต่ไกล สบู่สูตรใหม่เพื่อผิวใส,#สูตรสมุนไพร,ผสานคุณค่าจากสารสกัดสมุนไพรชั้นดี,และ,#ขมิ้นเลม่อนโซป,เพื่อผิวใส เนียนนุ่ม ชุ่มชื่น,สนใจสั่งซื้อ/สมัครตัวแทน,#เลม่อน,#น้ำมันมะพร้าว,,,,อมกลิ่นเลม่อนมาแต่ไกล สบู่สูตรใหม่เพื่อผิวใสผสานคุณค่าจากสารสกัดสมุนไพรชั้นดีและเพื่อผิวใส เนียนนุ่ม ชุ่มชื่นสนใจสั่งซื้อ/สมัครตัวแทน,#สูตรสมุนไพร  #ขมิ้นเลม่อนโซป  #เลม่อน  #น้ำมันมะพร้าว  #น้ำมันมะพร้าว  
เส้นทางเศรษฐีออนไลน์,@sentangmati,7-ม.ค.-19,“ขมิ้นชัน ขิง ฟ้าทะลายโจร รางจืด” สุดยอดสมุนไพร ดูแลสุขภาพหลังฉลองปีใหม่,#ทำไรรวย,sentangsedtee.com,“ขมิ้นชัน ขิง ฟ้าทะลายโจร รางจืด” สุดยอดสมุนไพร ดูแลสุขภาพหลังฉลองปีใหม่,#เส้นทางเศรษฐีออนไลนื,“ขมิ้นชัน ขิง ฟ้าทะลายโจร รางจืด” สุดยอดสมุนไพร ดูแลสุขภาพหลังฉลองปีใหม่ ภญ.ดร.สุภาภรณ์ ปิติพร เลขาธิการมูลนิธิโรงพยาบาลเจ้าพระยาอภัยภูเบศร กล่าวว่า ในช่วงเทศกาลแห่งความสุขในช่วงปีใหม่,,#ขิง,#ฟ้าทลายโจร,#สมุนไพร,,,“ขมิ้นชัน ขิง ฟ้าทะลายโจร รางจืด” สุดยอดสมุนไพร ดูแลสุขภาพหลังฉลองปีใหม่“ขมิ้นชัน ขิง ฟ้าทะลายโจร รางจืด” สุดยอดสมุนไพร ดูแลสุขภาพหลังฉลองปีใหม่“ขมิ้นชัน ขิง ฟ้าทะลายโจร รางจืด” สุดยอดสมุนไพร ดูแลสุขภาพหลังฉลองปีใหม่ ภญ.ดร.สุภาภรณ์ ปิติพร เลขาธิการมูลนิธิโรงพยาบาลเจ้าพระยาอภัยภูเบศร กล่าวว่า ในช่วงเทศกาลแห่งความสุขในช่วงปีใหม่,#ทำไรรวย  #เส้นทางเศรษฐีออนไลนื  #ขิง  #ฟ้าทลายโจร  #ฟ้าทลายโจร  #สมุนไพร
Kapookdotcom,@kapookdotcom,6-พ.ค.-19,สมุนไพรสีเหลืองที่มาพร้อมสรรพคุณมากมาย,#สรรพคุณขมิ้นชัน,,,#kapook,,,,,,ขมิ้นชัน สมุนไพรชั้นเลิศ ช่วยดูแลสุขภาพ,พอจะรู้กันไหมเอ่ย ว่า ขมิ้นชัน ช่วยรักษาอาการเจ็บป่วยอะไรได้บ้าง ถ้ายังนึกไม่ออก ตามไปรู้จักขมิ้นชันให้มากขึ้นกันดีกว่า,สมุนไพรสีเหลืองที่มาพร้อมสรรพคุณมากมายขมิ้นชัน สมุนไพรชั้นเลิศ ช่วยดูแลสุขภาพพอจะรู้กันไหมเอ่ย ว่า ขมิ้นชัน ช่วยรักษาอาการเจ็บป่วยอะไรได้บ้าง ถ้ายังนึกไม่ออก ตามไปรู้จักขมิ้นชันให้มากขึ้นกันดีกว่า,#สรรพคุณขมิ้นชัน  #kapook        
JIRAYUTH Y.,@studio2702,3-เม.ย.-21,โดยปกติแล้ว ไม่มีใครเอาขมิ้นอ้อยมาทำอาหาร จะเจอแต่การเอามาใช้เป็นเครื่องยาเสียเป็นส่วนมาก ในทาง,#เภสัชกรรมไทย,นั้นระบุสรรพคุณของขมิ้นอ้อยกับขมิ้นชันไว้ต่างกันด้วยนะ,มีรสฝาดหวานเอียน ใช้แก้ไข้เพื่อดี แก้ท้องร่วง แก้ธาตุพิการ แก้ผื่นคัน ขับผายลม รักษาแผลในกระเพาะอาหาร ...,,,แสดงเธรดนี้,,,,,,โดยปกติแล้ว ไม่มีใครเอาขมิ้นอ้อยมาทำอาหาร จะเจอแต่การเอามาใช้เป็นเครื่องยาเสียเป็นส่วนมาก ในทางนั้นระบุสรรพคุณของขมิ้นอ้อยกับขมิ้นชันไว้ต่างกันด้วยนะมีรสฝาดหวานเอียน ใช้แก้ไข้เพื่อดี แก้ท้องร่วง แก้ธาตุพิการ แก้ผื่นคัน ขับผายลม รักษาแผลในกระเพาะอาหาร ...แสดงเธรดนี้,#เภสัชกรรมไทย          
CoFact​,@CofactThailand,26-พ.ย.-20,CofactDailyReport,#พริกไทยและสารสกัด,"ข่าวลวง
จริงหรือไม่.?",ช่วยรักษา,#กรดไหลย้อน,ไม่จริง,"เนื่องจากสรรพคุณของขมิ้นชัน และพริกไทย มีไว้บรรเทาอาการท้องอืด ท้องเฟ้อ แน่นท้อง จุกเสียด

อ่านต่อ",,,,Cofact - พื้นที่เปิดให้ทุกคนมาช่วยกันตรวจสอบข่าวลวง,คนใกล้ชิดของคุณ อาจตกเป็นเหยื่อของข่าวลวง หรือ ส่งต่อข่าวลวงบนอินเทอร์เน็ตโดยไม่รู้ตัว,"ข่าวลวง
จริงหรือไม่.?ช่วยรักษาไม่จริงเนื่องจากสรรพคุณของขมิ้นชัน และพริกไทย มีไว้บรรเทาอาการท้องอืด ท้องเฟ้อ แน่นท้อง จุกเสียด

อ่านต่อ พื้นที่เปิดให้ทุกคนมาช่วยกันตรวจสอบข่าวลวงคนใกล้ชิดของคุณ อาจตกเป็นเหยื่อของข่าวลวง หรือ ส่งต่อข่าวลวงบนอินเทอร์เน็ตโดยไม่รู้ตัว",#พริกไทยและสารสกัด  #กรดไหลย้อน        
CoFact​,@CofactThailand,31-ก.ค.-20,CofactDailyReport,#มะเร็ง,"ข่าวลวง 
จริงหรือไม่? จิบน้ำ",ป้องกัน,,"ได้

ไม่จริง","ยังไม่มีรายงานวิจัยที่ทางคลินิกที่ยืนยันสารนี้ช่วยป้องกันหรือรักษามะเร็ง การดื่มน้ำขมิ้นชันไม่เพียงพอ หากยังมีพฤติกรรมเสี่ยง หรือกินอาหารที่ปนเปื้อนสารก่อมะเร็ง

อ่าน",,,,Cofact - พื้นที่เปิดให้ทุกคนมาช่วยกันตรวจสอบข่าวลวง,คนใกล้ชิดของคุณ อาจตกเป็นเหยื่อของข่าวลวง หรือ ส่งต่อข่าวลวงบนอินเทอร์เน็ตโดยไม่รู้ตัว,"ข่าวลวง 
จริงหรือไม่? จิบน้ำป้องกันได้

ไม่จริงยังไม่มีรายงานวิจัยที่ทางคลินิกที่ยืนยันสารนี้ช่วยป้องกันหรือรักษามะเร็ง การดื่มน้ำขมิ้นชันไม่เพียงพอ หากยังมีพฤติกรรมเสี่ยง หรือกินอาหารที่ปนเปื้อนสารก่อมะเร็ง

อ่าน พื้นที่เปิดให้ทุกคนมาช่วยกันตรวจสอบข่าวลวงคนใกล้ชิดของคุณ อาจตกเป็นเหยื่อของข่าวลวง หรือ ส่งต่อข่าวลวงบนอินเทอร์เน็ตโดยไม่รู้ตัว",#มะเร็ง          
Brighttv ᅠᅠᅠᅠᅠᅠᅠᅠᅠᅠᅠᅠᅠᅠᅠᅠᅠᅠᅠᅠᅠ,@BrightTodayTh,26-ก.พ.-21,ดูดวง ทำนายฝัน ฝันเห็นสมุนไพร ขมิ้นชัน ฟ้าทะลายโจร บอระเพ็ด,#ดวง,,…,#ดูดวง,,,#ทำนายฝัน,#ฝันเห็นสมุนไพร,#ฟ้าทะลายโจร,ดูดวง ทำนายฝัน ฝันเห็นสมุนไพร ขมิ้นชัน ฟ้าทะลายโจร บอระเพ็ด,ฝันเห็นสมุนไพร ในช่วงนี้ชีวิตของคุณอยู่ในช่วงขาขึ้น ทำอะไรก็ราบรื่นไปหมด มีแต่คนคอยื่นมือมาช่วยเหลือ แต่อาจต้องพบเจอปัญหาจากคนรอบข้าง,ดูดวง ทำนายฝัน ฝันเห็นสมุนไพร ขมิ้นชัน ฟ้าทะลายโจร บอระเพ็ด…ดูดวง ทำนายฝัน ฝันเห็นสมุนไพร ขมิ้นชัน ฟ้าทะลายโจร บอระเพ็ดฝันเห็นสมุนไพร ในช่วงนี้ชีวิตของคุณอยู่ในช่วงขาขึ้น ทำอะไรก็ราบรื่นไปหมด มีแต่คนคอยื่นมือมาช่วยเหลือ แต่อาจต้องพบเจอปัญหาจากคนรอบข้าง,#ดวง  #ดูดวง  #ทำนายฝัน  #ฝันเห็นสมุนไพร  #ฝันเห็นสมุนไพร  #ฟ้าทะลายโจร
ประชาชาติธุรกิจ,@prachachat,9-ส.ค.-18,นักวิจัย มศว ชูผลศึกษาทางคลินิก กิน ‘ขมิ้นชัน’ ลดเสี่ยงเป็นเบาหวาน,#ประชาชาติ,,…,#มศว,,,#เบาหวาน,,,นักวิจัย มศว ชูผลศึกษาทางคลินิก กิน 'ขมิ้นชัน' ลดเสี่ยงเป็นเบาหวาน,เมื่อวันที่ 9 สิงหาคม 2561 ที่โรงแรมดิเอมเมอรัลด์ ผศ.พญ.สมลักษณ์ จึงสมาน อาจารย์ประจำคณะแพทยศาสตร์ มหาวิทยาลัยศรีครินทรวิโรฒ (มศว) กล่าวในงานเสวนา,นักวิจัย มศว ชูผลศึกษาทางคลินิก กิน ‘ขมิ้นชัน’ ลดเสี่ยงเป็นเบาหวาน…นักวิจัย มศว ชูผลศึกษาทางคลินิก กิน 'ขมิ้นชัน' ลดเสี่ยงเป็นเบาหวานเมื่อวันที่ 9 สิงหาคม 2561 ที่โรงแรมดิเอมเมอรัลด์ ผศ.พญ.สมลักษณ์ จึงสมาน อาจารย์ประจำคณะแพทยศาสตร์ มหาวิทยาลัยศรีครินทรวิโรฒ (มศว) กล่าวในงานเสวนา,#ประชาชาติ  #มศว  #เบาหวาน      
ทนายแจม - ศศินันท์ ธรรมนิฐินันท์,@lawyerJammy,8-พ.ค.-21,"วันละซอง ผสมน้ำ 100-150 ml
กระดกดื่มก่อนออกจากบ้าน หรือจิบๆระหว่างวันจ้า ช่วงนี้อะไรก็ได้เผื่อความสบายใจ",#Herbalmix,,,#ชะเอมเทศ,,,#อโรร่าเชอรี่,,,เสริมภูมิคุ้มกันทุกวันกันจ้า,ทานง่าย อร่อย ชุ่มคอ ชงกับน้ำอุ่น หรือเย็นก็ได้,"วันละซอง ผสมน้ำ 100-150 
กระดกดื่มก่อนออกจากบ้าน หรือจิบๆระหว่างวันจ้า ช่วงนี้อะไรก็ได้เผื่อความสบายใจเสริมภูมิคุ้มกันทุกวันกันจ้าทานง่าย อร่อย ชุ่มคอ ชงกับน้ำอุ่น หรือเย็นก็ได้",#Herbalmix  #ชะเอมเทศ  #อโรร่าเชอรี่      
PPTV HD 36,@PPTVHD36,26-มี.ค.-20,อภัยภูเบศรแนะเสริมภูมิคุ้มกันกิน ‘ขมิ้นชันต้ม-ฟ้าทะลายโจร’ แต่ไม่ใช่มะนาวโซดา!,#PPTVHD36,,,#PPTVNews,,,#ช่อง36,#โควิด19,#มะนาวโซดา,อภัยภูเบศรแนะเสริมภูมิคุ้มกันกิน ‘ขมิ้นชันต้ม-ฟ้าทะลายโจร’ แต่ไม่ใช่มะนาวโซดา!,เภสัชกรชำนาญการ รพ.เจ้าพระยาอภัยภูเบศร เผยข้อมูลกินสมุนไพรเสริมภูมิคุ้มกัน   แนะขมิ้นชันต้ม ส่วนกรมแพทย์แผนไทยฯ ศึกษาสารสำคัญฟ้าทะลายโจร,อภัยภูเบศรแนะเสริมภูมิคุ้มกันกิน ‘ขมิ้นชันต้ม-ฟ้าทะลายโจร’ แต่ไม่ใช่มะนาวโซดา!อภัยภูเบศรแนะเสริมภูมิคุ้มกันกิน ‘ขมิ้นชันต้ม-ฟ้าทะลายโจร’ แต่ไม่ใช่มะนาวโซดา!เภสัชกรชำนาญการ รพ.เจ้าพระยาอภัยภูเบศร เผยข้อมูลกินสมุนไพรเสริมภูมิคุ้มกัน   แนะขมิ้นชันต้ม ส่วนกรมแพทย์แผนไทยฯ ศึกษาสารสำคัญฟ้าทะลายโจร,#PPTVHD36  #PPTVNews  #ช่อง36  #โควิด19  #โควิด19  #มะนาวโซดา
Ni New S. Pacaporn,@newpcps,19-ก.ย.-18,?,#การทานขมิ้นชันดีอย่างไร,"เป็นสมุนไพรไทยแท้ๆ พร้อมประโยชน์
เป็นพืชที่มีเหง้าอยู่ใต้ดิน เนื้อของเหง้ามีสีเหลืองเข้มไปจนถึงสีแสด รสชาติที่จัดจ้าน สีสันมีความสวยงาม...",…,,,,,,,,,"?เป็นสมุนไพรไทยแท้ๆ พร้อมประโยชน์
เป็นพืชที่มีเหง้าอยู่ใต้ดิน เนื้อของเหง้ามีสีเหลืองเข้มไปจนถึงสีแสด รสชาติที่จัดจ้าน สีสันมีความสวยงาม...…",#การทานขมิ้นชันดีอย่างไร          
ThaiQuote,@ThaiQuoteORG168,27-ก.พ.-19,“อภัยภูเบศร”แนะ หญ้าดอกขาว ขมิ้นชัน รางจืด มะขามป้อม ฟ้าทลายโจร สมุนไพรดูแลสุขภาพในสถานการณ์ PM2.5,#อภัยภูเบศร,0.5,,#หญ้าดอกขาว,,,#รางจืด,#มะขามป้อม,#ฟ้าทลายโจร,,,“อภัยภูเบศร”แนะ หญ้าดอกขาว ขมิ้นชัน รางจืด มะขามป้อม ฟ้าทลายโจร สมุนไพรดูแลสุขภาพในสถานการณ์ 2.50.5,#อภัยภูเบศร  #หญ้าดอกขาว  #รางจืด  #มะขามป้อม  #มะขามป้อม  #ฟ้าทลายโจร
MGR Quality of Life,@MGROnline_Qol,22-ม.ค.-19,"อภ.เผยปี 62 ลุยปลูกกัญชา ได้สารสกัดใน พ.ค.นี้ ชู ""ขมิ้นชัน"" โปรดักต์แชมเปียน ดันสู่ตลาดโลก จ่อทดสอบวัคซีนไข้หวัดใหญ่กลางปี",#Qol,,…,#MGROnline,,,#องค์การเภสัชกรรม,#กัญชา,#สมุนไพร,,,"อภ.เผยปี 62 ลุยปลูกกัญชา ได้สารสกัดใน พ.ค.นี้ ชู ""ขมิ้นชัน"" โปรดักต์แชมเปียน ดันสู่ตลาดโลก จ่อทดสอบวัคซีนไข้หวัดใหญ่กลางปี…",#Qol  #MGROnline  #องค์การเภสัชกรรม  #กัญชา  #กัญชา  #สมุนไพร
